codigo_uf,uf,periodo,data,internacoes,leitos_sus,populacao,internacoes_100mil,leitos_100mil,internacoes_por_leito,internacoes_mes_anterior,variacao_internacoes,variacao_percentual,score_demanda_capacidade,score_demanda_populacao,score_tendencia,indice_pressao,nivel_pressao,ranking_pressao
11,Rondônia,2025/Jun,2025-06-01,11235.0,4131.0,1751950.0,641.29,235.79,2.72,,,,0.1111111111111111,0.7777777777777778,0.5,38.89,Moderada,18
11,Rondônia,2025/Jul,2025-07-01,12611.0,4099.0,1751950.0,719.83,233.97,3.08,11235.0,1376.0,12.25,0.1111111111111111,0.9259259259259259,0.9259259259259259,51.85,Alta,14
11,Rondônia,2025/Ago,2025-08-01,12372.0,4134.0,1751950.0,706.18,235.97,2.99,12611.0,-239.0,-1.9,0.1111111111111111,0.9259259259259259,0.3148148148148148,39.63,Moderada,18
11,Rondônia,2025/Set,2025-09-01,12259.0,4163.0,1751950.0,699.73,237.62,2.94,12372.0,-113.0,-0.91,0.14814814814814814,0.9259259259259259,0.48148148148148145,44.81,Moderada,20
11,Rondônia,2025/Out,2025-10-01,12766.0,4213.0,1751950.0,728.67,240.47,3.03,12259.0,507.0,4.14,0.14814814814814814,0.9259259259259259,0.8518518518518519,52.22,Alta,14
11,Rondônia,2025/Nov,2025-11-01,12159.0,4265.0,1751950.0,694.03,243.44,2.85,12766.0,-607.0,-4.75,0.14814814814814814,0.9259259259259259,0.5925925925925926,47.04,Moderada,14
11,Rondônia,2025/Dez,2025-12-01,11457.0,4301.0,1751950.0,653.96,245.5,2.66,12159.0,-702.0,-5.77,0.14814814814814814,0.8888888888888888,0.18518518518518517,37.78,Moderada,21
11,Rondônia,2026/Jan,2026-01-01,11446.0,4301.0,1751950.0,653.33,245.5,2.66,11457.0,-11.0,-0.1,0.1111111111111111,0.9259259259259259,0.3333333333333333,40.0,Moderada,18
11,Rondônia,2026/Fev,2026-02-01,11313.0,4304.0,1751950.0,645.74,245.67,2.63,11446.0,-133.0,-1.16,0.14814814814814814,0.9259259259259259,0.7777777777777778,50.74,Alta,16
11,Rondônia,2026/Mar,2026-03-01,13252.0,4203.0,1751950.0,756.41,239.9,3.15,11313.0,1939.0,17.14,0.2222222222222222,0.9629629629629629,0.9629629629629629,59.26,Alta,11
11,Rondônia,2026/Abr,2026-04-01,12323.0,4167.0,1751950.0,703.39,237.85,2.96,13252.0,-929.0,-7.01,0.2222222222222222,0.9259259259259259,0.07407407407407407,40.37,Moderada,17
11,Rondônia,2026/Mai,2026-05-01,10613.0,4224.0,1751950.0,605.78,241.1,2.51,12323.0,-1710.0,-13.88,0.07407407407407407,0.6666666666666666,0.07407407407407407,25.19,Moderada,24
11,Rondônia,2026/Jun,2026-06-01,8456.0,4290.0,1751950.0,482.66,244.87,1.97,10613.0,-2157.0,-20.32,0.08,0.36,0.12,17.2,Baixa,23
12,Acre,2025/Jun,2025-06-01,5972.0,1445.0,884372.0,675.28,163.39,4.13,,,,0.7037037037037037,0.8518518518518519,0.5,70.74,Alta,6
12,Acre,2025/Jul,2025-07-01,5104.0,1439.0,884372.0,577.13,162.71,3.55,5972.0,-868.0,-14.53,0.48148148148148145,0.5185185185185185,0.037037037037037035,40.37,Moderada,20
12,Acre,2025/Ago,2025-08-01,5091.0,1439.0,884372.0,575.66,162.71,3.54,5104.0,-13.0,-0.25,0.4444444444444444,0.48148148148148145,0.6296296296296297,49.26,Moderada,16
12,Acre,2025/Set,2025-09-01,5047.0,1439.0,884372.0,570.69,162.71,3.51,5091.0,-44.0,-0.86,0.48148148148148145,0.48148148148148145,0.5185185185185185,48.89,Moderada,17
12,Acre,2025/Out,2025-10-01,5561.0,1432.0,884372.0,628.81,161.92,3.88,5047.0,514.0,10.18,0.6296296296296297,0.7407407407407407,0.9629629629629629,72.96,Alta,6
12,Acre,2025/Nov,2025-11-01,4604.0,1458.0,884372.0,520.6,164.86,3.16,5561.0,-957.0,-17.21,0.4444444444444444,0.37037037037037035,0.037037037037037035,34.07,Moderada,21
12,Acre,2025/Dez,2025-12-01,4527.0,1458.0,884372.0,511.89,164.86,3.1,4604.0,-77.0,-1.67,0.42592592592592593,0.4074074074074074,0.6296296296296297,46.11,Moderada,17
12,Acre,2026/Jan,2026-01-01,4774.0,1462.0,884372.0,539.82,165.32,3.27,4527.0,247.0,5.46,0.48148148148148145,0.4444444444444444,0.8518518518518519,54.44,Alta,13
12,Acre,2026/Fev,2026-02-01,4479.0,1470.0,884372.0,506.46,166.22,3.05,4774.0,-295.0,-6.18,0.37037037037037035,0.4074074074074074,0.18518518518518517,34.44,Moderada,20
12,Acre,2026/Mar,2026-03-01,5088.0,1470.0,884372.0,575.32,166.22,3.46,4479.0,609.0,13.6,0.4444444444444444,0.48148148148148145,0.7777777777777778,52.22,Alta,15
12,Acre,2026/Abr,2026-04-01,4951.0,1422.0,884372.0,559.83,160.79,3.48,5088.0,-137.0,-2.69,0.4444444444444444,0.48148148148148145,0.4444444444444444,45.56,Moderada,14
12,Acre,2026/Mai,2026-05-01,5328.0,1422.0,884372.0,602.46,160.79,3.75,4951.0,377.0,7.61,0.5925925925925926,0.6296296296296297,0.8518518518518519,65.56,Alta,8
12,Acre,2026/Jun,2026-06-01,,1428.0,884372.0,,161.47,,5328.0,,,,,,,Sem dado,
13,Amazonas,2025/Jun,2025-06-01,22515.0,5491.0,4321616.0,520.99,127.06,4.1,,,,0.6666666666666666,0.18518518518518517,0.5,48.89,Moderada,14
13,Amazonas,2025/Jul,2025-07-01,24613.0,5493.0,4321616.0,569.53,127.11,4.48,22515.0,2098.0,9.32,0.7777777777777778,0.4074074074074074,0.8888888888888888,68.89,Alta,7
13,Amazonas,2025/Ago,2025-08-01,24408.0,5513.0,4321616.0,564.79,127.57,4.43,24613.0,-205.0,-0.83,0.7777777777777778,0.4074074074074074,0.5555555555555556,62.22,Alta,9
13,Amazonas,2025/Set,2025-09-01,23100.0,5515.0,4321616.0,534.52,127.61,4.19,24408.0,-1308.0,-5.36,0.7037037037037037,0.2962962962962963,0.1111111111111111,46.3,Moderada,18
13,Amazonas,2025/Out,2025-10-01,25113.0,5498.0,4321616.0,581.1,127.22,4.57,23100.0,2013.0,8.71,0.8148148148148148,0.48148148148148145,0.9259259259259259,73.7,Alta,5
13,Amazonas,2025/Nov,2025-11-01,21821.0,5490.0,4321616.0,504.93,127.04,3.97,25113.0,-3292.0,-13.11,0.7037037037037037,0.25925925925925924,0.1111111111111111,45.19,Moderada,16
13,Amazonas,2025/Dez,2025-12-01,21542.0,5497.0,4321616.0,498.47,127.2,3.92,21821.0,-279.0,-1.28,0.7037037037037037,0.3333333333333333,0.7777777777777778,60.74,Alta,10
13,Amazonas,2026/Jan,2026-01-01,21748.0,5466.0,4321616.0,503.24,126.48,3.98,21542.0,206.0,0.96,0.7407407407407407,0.25925925925925924,0.4444444444444444,53.7,Alta,14
13,Amazonas,2026/Fev,2026-02-01,20400.0,5470.0,4321616.0,472.05,126.57,3.73,21748.0,-1348.0,-6.2,0.7037037037037037,0.2222222222222222,0.14814814814814814,44.81,Moderada,18
13,Amazonas,2026/Mar,2026-03-01,23276.0,5509.0,4321616.0,538.59,127.48,4.23,20400.0,2876.0,14.1,0.7777777777777778,0.2962962962962963,0.8888888888888888,65.56,Alta,7
13,Amazonas,2026/Abr,2026-04-01,23389.0,5503.0,4321616.0,541.21,127.34,4.25,23276.0,113.0,0.49,0.7407407407407407,0.4074074074074074,0.8518518518518519,66.3,Alta,9
13,Amazonas,2026/Mai,2026-05-01,22716.0,5517.0,4321616.0,525.64,127.66,4.12,23389.0,-673.0,-2.88,0.7037037037037037,0.25925925925925924,0.25925925925925924,48.15,Moderada,15
13,Amazonas,2026/Jun,2026-06-01,19563.0,5512.0,4321616.0,452.68,127.54,3.55,22716.0,-3153.0,-13.88,0.6,0.12,0.24,38.4,Moderada,18
14,Roraima,2025/Jun,2025-06-01,2935.0,1299.0,738772.0,397.28,175.83,2.26,,,,0.037037037037037035,0.037037037037037035,0.5,12.96,Baixa,27
14,Roraima,2025/Jul,2025-07-01,3003.0,1299.0,738772.0,406.49,175.83,2.31,2935.0,68.0,2.32,0.037037037037037035,0.037037037037037035,0.5185185185185185,13.33,Baixa,27
14,Roraima,2025/Ago,2025-08-01,3193.0,1299.0,738772.0,432.2,175.83,2.46,3003.0,190.0,6.33,0.037037037037037035,0.037037037037037035,0.9629629629629629,22.22,Baixa,26
14,Roraima,2025/Set,2025-09-01,2738.0,1310.0,738772.0,370.62,177.32,2.09,3193.0,-455.0,-14.25,0.037037037037037035,0.037037037037037035,0.037037037037037035,3.7,Baixa,27
14,Roraima,2025/Out,2025-10-01,2346.0,1310.0,738772.0,317.55,177.32,1.79,2738.0,-392.0,-14.32,0.037037037037037035,0.037037037037037035,0.037037037037037035,3.7,Baixa,27
14,Roraima,2025/Nov,2025-11-01,2740.0,1332.0,738772.0,370.89,180.3,2.06,2346.0,394.0,16.79,0.037037037037037035,0.037037037037037035,1.0,22.96,Baixa,25
14,Roraima,2025/Dez,2025-12-01,2128.0,1332.0,738772.0,288.05,180.3,1.6,2740.0,-612.0,-22.34,0.037037037037037035,0.037037037037037035,0.037037037037037035,3.7,Baixa,27
14,Roraima,2026/Jan,2026-01-01,2597.0,1332.0,738772.0,351.53,180.3,1.95,2128.0,469.0,22.04,0.037037037037037035,0.037037037037037035,1.0,22.96,Baixa,25
14,Roraima,2026/Fev,2026-02-01,2961.0,1332.0,738772.0,400.8,180.3,2.22,2597.0,364.0,14.02,0.037037037037037035,0.037037037037037035,1.0,22.96,Baixa,24
14,Roraima,2026/Mar,2026-03-01,3082.0,1348.0,738772.0,417.18,182.46,2.29,2961.0,121.0,4.09,0.037037037037037035,0.037037037037037035,0.14814814814814814,5.93,Baixa,27
14,Roraima,2026/Abr,2026-04-01,3013.0,1348.0,738772.0,407.84,182.46,2.24,3082.0,-69.0,-2.24,0.037037037037037035,0.037037037037037035,0.5925925925925926,14.81,Baixa,27
14,Roraima,2026/Mai,2026-05-01,352.0,1348.0,738772.0,47.65,182.46,0.26,3013.0,-2661.0,-88.32,0.037037037037037035,0.037037037037037035,0.037037037037037035,3.7,Baixa,27
14,Roraima,2026/Jun,2026-06-01,,1394.0,738772.0,,188.69,,352.0,,,,,,,Sem dado,
15,Pará,2025/Jun,2025-06-01,48859.0,11444.0,8711196.0,560.88,131.37,4.27,,,,0.7407407407407407,0.4444444444444444,0.5,60.37,Alta,9
15,Pará,2025/Jul,2025-07-01,49639.0,11468.0,8711196.0,569.83,131.65,4.33,48859.0,780.0,1.6,0.7037037037037037,0.4444444444444444,0.37037037037037035,55.93,Alta,11
15,Pará,2025/Ago,2025-08-01,50660.0,11564.0,8711196.0,581.55,132.75,4.38,49639.0,1021.0,2.06,0.7407407407407407,0.5185185185185185,0.9259259259259259,71.11,Alta,6
15,Pará,2025/Set,2025-09-01,49448.0,11568.0,8711196.0,567.64,132.79,4.27,50660.0,-1212.0,-2.39,0.7592592592592593,0.4074074074074074,0.2962962962962963,56.11,Alta,11
15,Pará,2025/Out,2025-10-01,50058.0,11569.0,8711196.0,574.64,132.81,4.33,49448.0,610.0,1.23,0.7777777777777778,0.4444444444444444,0.5185185185185185,62.59,Alta,9
15,Pará,2025/Nov,2025-11-01,48679.0,11466.0,8711196.0,558.81,131.62,4.25,50058.0,-1379.0,-2.75,0.8148148148148148,0.6296296296296297,0.8148148148148148,75.93,Crítica,3
15,Pará,2025/Dez,2025-12-01,48817.0,11491.0,8711196.0,560.39,131.91,4.25,48679.0,138.0,0.28,0.8888888888888888,0.6296296296296297,0.8148148148148148,79.63,Crítica,6
15,Pará,2026/Jan,2026-01-01,47347.0,11411.0,8711196.0,543.52,130.99,4.15,48817.0,-1470.0,-3.01,0.8148148148148148,0.5185185185185185,0.14814814814814814,59.26,Alta,10
15,Pará,2026/Fev,2026-02-01,45674.0,11517.0,8711196.0,524.31,132.21,3.97,47347.0,-1673.0,-3.53,0.7777777777777778,0.4444444444444444,0.5185185185185185,62.59,Alta,8
15,Pará,2026/Mar,2026-03-01,50992.0,11571.0,8711196.0,585.36,132.83,4.41,45674.0,5318.0,11.64,0.8518518518518519,0.5555555555555556,0.5925925925925926,71.11,Alta,5
15,Pará,2026/Abr,2026-04-01,49732.0,11614.0,8711196.0,570.9,133.32,4.28,50992.0,-1260.0,-2.47,0.7777777777777778,0.5555555555555556,0.5185185185185185,65.93,Alta,11
15,Pará,2026/Mai,2026-05-01,47075.0,11589.0,8711196.0,540.4,133.04,4.06,49732.0,-2657.0,-5.34,0.6666666666666666,0.3333333333333333,0.1111111111111111,45.56,Moderada,17
15,Pará,2026/Jun,2026-06-01,40278.0,11704.0,8711196.0,462.37,134.36,3.44,47075.0,-6797.0,-14.44,0.52,0.2,0.2,36.0,Moderada,20
16,Amapá,2025/Jun,2025-06-01,5312.0,1366.0,806517.0,658.63,169.37,3.89,,,,0.6296296296296297,0.8148148148148148,0.5,65.93,Alta,8
16,Amapá,2025/Jul,2025-07-01,5059.0,1330.0,806517.0,627.27,164.91,3.8,5312.0,-253.0,-4.76,0.5925925925925926,0.7407407407407407,0.1111111111111111,54.07,Alta,13
16,Amapá,2025/Ago,2025-08-01,4957.0,1330.0,806517.0,614.62,164.91,3.73,5059.0,-102.0,-2.02,0.5555555555555556,0.7407407407407407,0.2222222222222222,54.44,Alta,13
16,Amapá,2025/Set,2025-09-01,4792.0,1370.0,806517.0,594.16,169.87,3.5,4957.0,-165.0,-3.33,0.4444444444444444,0.6296296296296297,0.2222222222222222,45.56,Moderada,19
16,Amapá,2025/Out,2025-10-01,4903.0,1366.0,806517.0,607.92,169.37,3.59,4792.0,111.0,2.32,0.4444444444444444,0.6666666666666666,0.6851851851851852,55.93,Alta,12
16,Amapá,2025/Nov,2025-11-01,4195.0,1387.0,806517.0,520.14,171.97,3.02,4903.0,-708.0,-14.44,0.25925925925925924,0.3333333333333333,0.07407407407407407,24.44,Baixa,24
16,Amapá,2025/Dez,2025-12-01,4900.0,1387.0,806517.0,607.55,171.97,3.53,4195.0,705.0,16.81,0.5925925925925926,0.7777777777777778,1.0,72.96,Alta,7
16,Amapá,2026/Jan,2026-01-01,4938.0,1389.0,806517.0,612.26,172.22,3.56,4900.0,38.0,0.78,0.6296296296296297,0.7777777777777778,0.4074074074074074,62.96,Alta,8
16,Amapá,2026/Fev,2026-02-01,4640.0,1391.0,806517.0,575.31,172.47,3.34,4938.0,-298.0,-6.03,0.5555555555555556,0.7407407407407407,0.2962962962962963,55.93,Alta,12
16,Amapá,2026/Mar,2026-03-01,5420.0,1440.0,806517.0,672.03,178.55,3.76,4640.0,780.0,16.81,0.5925925925925926,0.8518518518518519,0.9259259259259259,73.7,Alta,4
16,Amapá,2026/Abr,2026-04-01,5563.0,1422.0,806517.0,689.76,176.31,3.91,5420.0,143.0,2.64,0.6296296296296297,0.8888888888888888,0.9629629629629629,77.41,Crítica,3
16,Amapá,2026/Mai,2026-05-01,5849.0,1413.0,806517.0,725.22,175.2,4.14,5563.0,286.0,5.14,0.7407407407407407,0.9629629629629629,0.7777777777777778,81.48,Crítica,4
16,Amapá,2026/Jun,2026-06-01,5777.0,1452.0,806517.0,716.29,180.03,3.98,5849.0,-72.0,-1.23,0.76,0.92,0.72,80.0,Crítica,6
17,Tocantins,2025/Jun,2025-06-01,9711.0,2755.0,1586859.0,611.96,173.61,3.52,,,,0.4444444444444444,0.6296296296296297,0.5,51.11,Alta,13
17,Tocantins,2025/Jul,2025-07-01,9478.0,2762.0,1586859.0,597.28,174.05,3.43,9711.0,-233.0,-2.4,0.4074074074074074,0.5925925925925926,0.14814814814814814,41.11,Moderada,19
17,Tocantins,2025/Ago,2025-08-01,9466.0,2718.0,1586859.0,596.52,171.28,3.48,9478.0,-12.0,-0.13,0.4074074074074074,0.5925925925925926,0.6666666666666666,51.48,Alta,15
17,Tocantins,2025/Set,2025-09-01,9104.0,2713.0,1586859.0,573.71,170.97,3.36,9466.0,-362.0,-3.82,0.37037037037037035,0.5185185185185185,0.14814814814814814,37.04,Moderada,21
17,Tocantins,2025/Out,2025-10-01,9302.0,2709.0,1586859.0,586.19,170.71,3.43,9104.0,198.0,2.17,0.4074074074074074,0.5185185185185185,0.6296296296296297,48.52,Moderada,16
17,Tocantins,2025/Nov,2025-11-01,8338.0,2742.0,1586859.0,525.44,172.79,3.04,9302.0,-964.0,-10.36,0.2962962962962963,0.4444444444444444,0.18518518518518517,31.85,Moderada,22
17,Tocantins,2025/Dez,2025-12-01,7768.0,2730.0,1586859.0,489.52,172.04,2.85,8338.0,-570.0,-6.84,0.2222222222222222,0.25925925925925924,0.07407407407407407,20.37,Baixa,24
17,Tocantins,2026/Jan,2026-01-01,8884.0,2777.0,1586859.0,559.85,175.0,3.2,7768.0,1116.0,14.37,0.4074074074074074,0.5925925925925926,0.9629629629629629,57.41,Alta,11
17,Tocantins,2026/Fev,2026-02-01,9024.0,2777.0,1586859.0,568.67,175.0,3.25,8884.0,140.0,1.58,0.48148148148148145,0.6666666666666666,0.8888888888888888,61.85,Alta,9
17,Tocantins,2026/Mar,2026-03-01,9574.0,2870.0,1586859.0,603.33,180.86,3.34,9024.0,550.0,6.09,0.37037037037037035,0.6666666666666666,0.25925925925925924,43.7,Moderada,19
17,Tocantins,2026/Abr,2026-04-01,9168.0,2870.0,1586859.0,577.75,180.86,3.19,9574.0,-406.0,-4.24,0.3333333333333333,0.5925925925925926,0.2222222222222222,38.89,Moderada,18
17,Tocantins,2026/Mai,2026-05-01,10204.0,2921.0,1586859.0,643.03,184.07,3.49,9168.0,1036.0,11.3,0.4074074074074074,0.8148148148148148,0.9629629629629629,64.07,Alta,9
17,Tocantins,2026/Jun,2026-06-01,845.0,2921.0,1586859.0,53.25,184.07,0.29,10204.0,-9359.0,-91.72,0.04,0.04,0.04,4.0,Baixa,25
21,Maranhão,2025/Jun,2025-06-01,43754.0,13222.0,7018211.0,623.44,188.4,3.31,,,,0.37037037037037035,0.6666666666666666,0.5,48.52,Moderada,15
21,Maranhão,2025/Jul,2025-07-01,43818.0,13219.0,7018211.0,624.35,188.35,3.31,43754.0,64.0,0.15,0.3333333333333333,0.7037037037037037,0.2222222222222222,42.22,Moderada,18
21,Maranhão,2025/Ago,2025-08-01,42433.0,13158.0,7018211.0,604.61,187.48,3.22,43818.0,-1385.0,-3.16,0.3333333333333333,0.6296296296296297,0.14814814814814814,38.52,Moderada,19
21,Maranhão,2025/Set,2025-09-01,43286.0,13177.0,7018211.0,616.77,187.75,3.28,42433.0,853.0,2.01,0.3148148148148148,0.7037037037037037,0.9259259259259259,55.37,Alta,12
21,Maranhão,2025/Out,2025-10-01,42716.0,13180.0,7018211.0,608.65,187.8,3.24,43286.0,-570.0,-1.32,0.2962962962962963,0.7037037037037037,0.2962962962962963,41.85,Moderada,17
21,Maranhão,2025/Nov,2025-11-01,41621.0,13194.0,7018211.0,593.04,188.0,3.15,42716.0,-1095.0,-2.56,0.4074074074074074,0.7407407407407407,0.8888888888888888,60.37,Alta,9
21,Maranhão,2025/Dez,2025-12-01,39756.0,13354.0,7018211.0,566.47,190.28,2.98,41621.0,-1865.0,-4.48,0.2777777777777778,0.6666666666666666,0.2222222222222222,38.33,Moderada,20
21,Maranhão,2026/Jan,2026-01-01,40639.0,13347.0,7018211.0,579.05,190.18,3.04,39756.0,883.0,2.22,0.25925925925925924,0.6666666666666666,0.5925925925925926,44.81,Moderada,16
21,Maranhão,2026/Fev,2026-02-01,38145.0,13339.0,7018211.0,543.51,190.06,2.86,40639.0,-2494.0,-6.14,0.2222222222222222,0.6296296296296297,0.2222222222222222,34.44,Moderada,20
21,Maranhão,2026/Mar,2026-03-01,42301.0,13300.0,7018211.0,602.73,189.51,3.18,38145.0,4156.0,10.9,0.25925925925925924,0.6296296296296297,0.5185185185185185,42.22,Moderada,20
21,Maranhão,2026/Abr,2026-04-01,39803.0,13301.0,7018211.0,567.14,189.52,2.99,42301.0,-2498.0,-5.91,0.25925925925925924,0.5185185185185185,0.14814814814814814,31.48,Moderada,22
21,Maranhão,2026/Mai,2026-05-01,38009.0,13305.0,7018211.0,541.58,189.58,2.86,39803.0,-1794.0,-4.51,0.14814814814814814,0.37037037037037035,0.18518518518518517,22.22,Baixa,25
21,Maranhão,2026/Jun,2026-06-01,32513.0,13312.0,7018211.0,463.27,189.68,2.44,38009.0,-5496.0,-14.46,0.12,0.24,0.16,16.4,Baixa,24
22,Piauí,2025/Jun,2025-06-01,19176.0,6098.0,3384547.0,566.58,180.17,3.14,,,,0.25925925925925924,0.48148148148148145,0.5,37.41,Moderada,20
22,Piauí,2025/Jul,2025-07-01,19376.0,6111.0,3384547.0,572.48,180.56,3.17,19176.0,200.0,1.04,0.14814814814814814,0.48148148148148145,0.3333333333333333,28.52,Moderada,23
22,Piauí,2025/Ago,2025-08-01,18838.0,6039.0,3384547.0,556.59,178.43,3.12,19376.0,-538.0,-2.78,0.2222222222222222,0.3333333333333333,0.18518518518518517,24.81,Baixa,24
22,Piauí,2025/Set,2025-09-01,17236.0,6129.0,3384547.0,509.26,181.09,2.81,18838.0,-1602.0,-8.5,0.1111111111111111,0.2222222222222222,0.07407407407407407,13.7,Baixa,26
22,Piauí,2025/Out,2025-10-01,19901.0,6118.0,3384547.0,588.0,180.76,3.25,17236.0,2665.0,15.46,0.3333333333333333,0.5555555555555556,1.0,53.33,Alta,13
22,Piauí,2025/Nov,2025-11-01,18019.0,6134.0,3384547.0,532.39,181.24,2.94,19901.0,-1882.0,-9.46,0.2222222222222222,0.48148148148148145,0.2222222222222222,30.0,Moderada,23
22,Piauí,2025/Dez,2025-12-01,18898.0,6162.0,3384547.0,558.36,182.06,3.07,18019.0,879.0,4.88,0.37037037037037035,0.5925925925925926,0.9629629629629629,55.56,Alta,13
22,Piauí,2026/Jan,2026-01-01,19532.0,6124.0,3384547.0,577.09,180.94,3.19,18898.0,634.0,3.35,0.37037037037037035,0.6296296296296297,0.7407407407407407,52.22,Alta,15
22,Piauí,2026/Fev,2026-02-01,17915.0,6129.0,3384547.0,529.32,181.09,2.92,19532.0,-1617.0,-8.28,0.2962962962962963,0.5555555555555556,0.037037037037037035,32.22,Moderada,22
22,Piauí,2026/Mar,2026-03-01,18124.0,6129.0,3384547.0,535.49,181.09,2.96,17915.0,209.0,1.17,0.12962962962962962,0.2222222222222222,0.037037037037037035,13.89,Baixa,26
22,Piauí,2026/Abr,2026-04-01,17554.0,6152.0,3384547.0,518.65,181.77,2.85,18124.0,-570.0,-3.15,0.07407407407407407,0.2222222222222222,0.4074074074074074,18.52,Baixa,26
22,Piauí,2026/Mai,2026-05-01,18752.0,6148.0,3384547.0,554.05,181.65,3.05,17554.0,1198.0,6.82,0.25925925925925924,0.48148148148148145,0.8148148148148148,43.7,Moderada,18
22,Piauí,2026/Jun,2026-06-01,16825.0,6147.0,3384547.0,497.11,181.62,2.74,18752.0,-1927.0,-10.28,0.16,0.44,0.32,27.6,Moderada,22
23,Ceará,2025/Jun,2025-06-01,49979.0,15867.0,9268836.0,539.22,171.19,3.15,,,,0.2962962962962963,0.37037037037037035,0.5,35.93,Moderada,21
23,Ceará,2025/Jul,2025-07-01,50415.0,15869.0,9268836.0,543.92,171.21,3.18,49979.0,436.0,0.87,0.2037037037037037,0.2962962962962963,0.25925925925925924,24.26,Baixa,24
23,Ceará,2025/Ago,2025-08-01,49700.0,15901.0,9268836.0,536.21,171.55,3.13,50415.0,-715.0,-1.42,0.25925925925925924,0.2222222222222222,0.4074074074074074,27.78,Moderada,22
23,Ceará,2025/Set,2025-09-01,52713.0,16056.0,9268836.0,568.71,173.23,3.28,49700.0,3013.0,6.06,0.3148148148148148,0.4444444444444444,1.0,49.07,Moderada,16
23,Ceará,2025/Out,2025-10-01,51838.0,16060.0,9268836.0,559.27,173.27,3.23,52713.0,-875.0,-1.66,0.25925925925925924,0.37037037037037035,0.25925925925925924,29.26,Moderada,23
23,Ceará,2025/Nov,2025-11-01,49379.0,16178.0,9268836.0,532.74,174.54,3.05,51838.0,-2459.0,-4.74,0.3333333333333333,0.5185185185185185,0.6296296296296297,44.81,Moderada,17
23,Ceará,2025/Dez,2025-12-01,48118.0,16141.0,9268836.0,519.14,174.14,2.98,49379.0,-1261.0,-2.55,0.2777777777777778,0.48148148148148145,0.5185185185185185,38.7,Moderada,19
23,Ceará,2026/Jan,2026-01-01,48639.0,15964.0,9268836.0,524.76,172.23,3.05,48118.0,521.0,1.08,0.2962962962962963,0.4074074074074074,0.48148148148148145,36.67,Moderada,21
23,Ceará,2026/Fev,2026-02-01,46204.0,15944.0,9268836.0,498.49,172.02,2.9,48639.0,-2435.0,-5.01,0.25925925925925924,0.37037037037037035,0.37037037037037035,31.48,Moderada,23
23,Ceará,2026/Mar,2026-03-01,52608.0,15938.0,9268836.0,567.58,171.95,3.3,46204.0,6404.0,13.86,0.3333333333333333,0.4444444444444444,0.8148148148148148,46.3,Moderada,17
23,Ceará,2026/Abr,2026-04-01,49256.0,15969.0,9268836.0,531.42,172.29,3.08,52608.0,-3352.0,-6.37,0.2962962962962963,0.3333333333333333,0.1111111111111111,27.04,Moderada,24
23,Ceará,2026/Mai,2026-05-01,53277.0,16022.0,9268836.0,574.8,172.86,3.33,49256.0,4021.0,8.16,0.3333333333333333,0.5185185185185185,0.8888888888888888,50.0,Alta,14
23,Ceará,2026/Jun,2026-06-01,52820.0,16075.0,9268836.0,569.87,173.43,3.29,53277.0,-457.0,-0.86,0.4,0.76,0.8,58.8,Alta,9
24,Rio Grande do Norte,2025/Jun,2025-06-01,19217.0,6203.0,3455236.0,556.17,179.52,3.1,,,,0.18518518518518517,0.4074074074074074,0.5,31.48,Moderada,23
24,Rio Grande do Norte,2025/Jul,2025-07-01,20144.0,6213.0,3455236.0,583.0,179.81,3.24,19217.0,927.0,4.82,0.2962962962962963,0.5555555555555556,0.7777777777777778,47.04,Moderada,16
24,Rio Grande do Norte,2025/Ago,2025-08-01,19300.0,6230.0,3455236.0,558.57,180.31,3.1,20144.0,-844.0,-4.19,0.18518518518518517,0.37037037037037035,0.1111111111111111,22.59,Baixa,25
24,Rio Grande do Norte,2025/Set,2025-09-01,18852.0,6231.0,3455236.0,545.61,180.34,3.03,19300.0,-448.0,-2.32,0.2222222222222222,0.37037037037037035,0.37037037037037035,29.63,Moderada,22
24,Rio Grande do Norte,2025/Out,2025-10-01,18285.0,6209.0,3455236.0,529.2,179.7,2.94,18852.0,-567.0,-3.01,0.1111111111111111,0.2222222222222222,0.14814814814814814,15.19,Baixa,26
24,Rio Grande do Norte,2025/Nov,2025-11-01,18062.0,6209.0,3455236.0,522.74,179.7,2.91,18285.0,-223.0,-1.22,0.18518518518518517,0.4074074074074074,0.9629629629629629,40.74,Moderada,20
24,Rio Grande do Norte,2025/Dez,2025-12-01,17610.0,6223.0,3455236.0,509.66,180.1,2.83,18062.0,-452.0,-2.5,0.18518518518518517,0.37037037037037035,0.5555555555555556,31.48,Moderada,23
24,Rio Grande do Norte,2026/Jan,2026-01-01,17740.0,6215.0,3455236.0,513.42,179.87,2.85,17610.0,130.0,0.74,0.18518518518518517,0.3333333333333333,0.37037037037037035,26.67,Moderada,24
24,Rio Grande do Norte,2026/Fev,2026-02-01,16589.0,6226.0,3455236.0,480.11,180.19,2.66,17740.0,-1151.0,-6.49,0.18518518518518517,0.25925925925925924,0.07407407407407407,18.52,Baixa,25
24,Rio Grande do Norte,2026/Mar,2026-03-01,18608.0,6284.0,3455236.0,538.54,181.87,2.96,16589.0,2019.0,12.17,0.12962962962962962,0.25925925925925924,0.7037037037037037,28.33,Moderada,23
24,Rio Grande do Norte,2026/Abr,2026-04-01,18211.0,6220.0,3455236.0,527.06,180.02,2.93,18608.0,-397.0,-2.13,0.18518518518518517,0.2962962962962963,0.6851851851851852,31.85,Moderada,21
24,Rio Grande do Norte,2026/Mai,2026-05-01,18415.0,6249.0,3455236.0,532.96,180.86,2.95,18211.0,204.0,1.12,0.2222222222222222,0.2962962962962963,0.5185185185185185,30.37,Moderada,22
24,Rio Grande do Norte,2026/Jun,2026-06-01,18243.0,6279.0,3455236.0,527.98,181.72,2.91,18415.0,-172.0,-0.93,0.28,0.6,0.76,47.2,Moderada,12
25,Paraíba,2025/Jun,2025-06-01,22110.0,7516.0,4164468.0,530.92,180.48,2.94,,,,0.14814814814814814,0.3333333333333333,0.5,27.41,Moderada,25
25,Paraíba,2025/Jul,2025-07-01,22607.0,7529.0,4164468.0,542.85,180.79,3.0,22110.0,497.0,2.25,0.07407407407407407,0.2222222222222222,0.4444444444444444,19.26,Baixa,26
25,Paraíba,2025/Ago,2025-08-01,23004.0,7528.0,4164468.0,552.39,180.77,3.06,22607.0,397.0,1.76,0.14814814814814814,0.2962962962962963,0.8518518518518519,33.33,Moderada,21
25,Paraíba,2025/Set,2025-09-01,22230.0,7478.0,4164468.0,533.8,179.57,2.97,23004.0,-774.0,-3.36,0.18518518518518517,0.25925925925925924,0.18518518518518517,20.74,Baixa,24
25,Paraíba,2025/Out,2025-10-01,22942.0,7415.0,4164468.0,550.9,178.05,3.09,22230.0,712.0,3.2,0.18518518518518517,0.2962962962962963,0.7407407407407407,32.96,Moderada,21
25,Paraíba,2025/Nov,2025-11-01,20384.0,7496.0,4164468.0,489.47,180.0,2.72,22942.0,-2558.0,-11.15,0.1111111111111111,0.18518518518518517,0.14814814814814814,14.07,Baixa,27
25,Paraíba,2025/Dez,2025-12-01,19040.0,7540.0,4164468.0,457.2,181.06,2.53,20384.0,-1344.0,-6.59,0.1111111111111111,0.18518518518518517,0.1111111111111111,13.33,Baixa,25
25,Paraíba,2026/Jan,2026-01-01,20646.0,7554.0,4164468.0,495.77,181.39,2.73,19040.0,1606.0,8.43,0.14814814814814814,0.2222222222222222,0.8888888888888888,31.85,Moderada,23
25,Paraíba,2026/Fev,2026-02-01,19393.0,7558.0,4164468.0,465.68,181.49,2.57,20646.0,-1253.0,-6.07,0.1111111111111111,0.18518518518518517,0.25925925925925924,16.3,Baixa,26
25,Paraíba,2026/Mar,2026-03-01,22978.0,7566.0,4164468.0,551.76,181.68,3.04,19393.0,3585.0,18.49,0.18518518518518517,0.37037037037037035,1.0,40.37,Moderada,21
25,Paraíba,2026/Abr,2026-04-01,21924.0,7543.0,4164468.0,526.45,181.13,2.91,22978.0,-1054.0,-4.59,0.14814814814814814,0.25925925925925924,0.18518518518518517,18.89,Baixa,25
25,Paraíba,2026/Mai,2026-05-01,20927.0,7547.0,4164468.0,502.51,181.22,2.77,21924.0,-997.0,-4.55,0.1111111111111111,0.18518518518518517,0.14814814814814814,14.07,Baixa,26
25,Paraíba,2026/Jun,2026-06-01,21148.0,7611.0,4164468.0,507.82,182.76,2.78,20927.0,221.0,1.06,0.2,0.48,0.96,43.6,Moderada,15
26,Pernambuco,2025/Jun,2025-06-01,54899.0,16519.0,9562007.0,574.14,172.76,3.32,,,,0.4074074074074074,0.5185185185185185,0.5,45.93,Moderada,16
26,Pernambuco,2025/Jul,2025-07-01,57532.0,16190.0,9562007.0,601.67,169.32,3.55,54899.0,2633.0,4.8,0.48148148148148145,0.6296296296296297,0.7407407407407407,57.78,Alta,10
26,Pernambuco,2025/Ago,2025-08-01,58554.0,16036.0,9562007.0,612.36,167.71,3.65,57532.0,1022.0,1.78,0.48148148148148145,0.6666666666666666,0.8888888888888888,61.85,Alta,11
26,Pernambuco,2025/Set,2025-09-01,58199.0,15939.0,9562007.0,608.65,166.69,3.65,58554.0,-355.0,-0.61,0.5185185185185185,0.6666666666666666,0.5925925925925926,57.78,Alta,9
26,Pernambuco,2025/Out,2025-10-01,58050.0,15944.0,9562007.0,607.09,166.74,3.64,58199.0,-149.0,-0.26,0.5,0.6296296296296297,0.3333333333333333,50.56,Alta,15
26,Pernambuco,2025/Nov,2025-11-01,55041.0,16092.0,9562007.0,575.62,168.29,3.42,58050.0,-3009.0,-5.18,0.5185185185185185,0.7037037037037037,0.4444444444444444,55.93,Alta,12
26,Pernambuco,2025/Dez,2025-12-01,55619.0,16084.0,9562007.0,581.67,168.21,3.46,55041.0,578.0,1.05,0.5370370370370371,0.7037037037037037,0.8888888888888888,65.74,Alta,8
26,Pernambuco,2026/Jan,2026-01-01,51854.0,16169.0,9562007.0,542.29,169.1,3.21,55619.0,-3765.0,-6.77,0.4444444444444444,0.48148148148148145,0.037037037037037035,37.41,Moderada,20
26,Pernambuco,2026/Fev,2026-02-01,51040.0,16096.0,9562007.0,533.78,168.33,3.17,51854.0,-814.0,-1.57,0.42592592592592593,0.5925925925925926,0.7037037037037037,53.15,Alta,15
26,Pernambuco,2026/Mar,2026-03-01,58126.0,16021.0,9562007.0,607.88,167.55,3.63,51040.0,7086.0,13.88,0.5,0.7037037037037037,0.8518518518518519,63.15,Alta,10
26,Pernambuco,2026/Abr,2026-04-01,56845.0,16025.0,9562007.0,594.49,167.59,3.55,58126.0,-1281.0,-2.2,0.48148148148148145,0.6666666666666666,0.6296296296296297,56.67,Alta,13
26,Pernambuco,2026/Mai,2026-05-01,58242.0,15987.0,9562007.0,609.1,167.19,3.64,56845.0,1397.0,2.46,0.4444444444444444,0.7037037037037037,0.6666666666666666,56.67,Alta,12
26,Pernambuco,2026/Jun,2026-06-01,53956.0,16109.0,9562007.0,564.27,168.47,3.35,58242.0,-4286.0,-7.36,0.48,0.68,0.36,51.6,Alta,11
27,Alagoas,2025/Jun,2025-06-01,13397.0,5349.0,3220848.0,415.95,166.07,2.5,,,,0.07407407407407407,0.1111111111111111,0.5,17.04,Baixa,26
27,Alagoas,2025/Jul,2025-07-01,16985.0,5349.0,3220848.0,527.35,166.07,3.18,13397.0,3588.0,26.78,0.2037037037037037,0.18518518518518517,1.0,35.74,Moderada,21
27,Alagoas,2025/Ago,2025-08-01,14853.0,5375.0,3220848.0,461.15,166.88,2.76,16985.0,-2132.0,-12.55,0.07407407407407407,0.14814814814814814,0.037037037037037035,8.89,Baixa,27
27,Alagoas,2025/Set,2025-09-01,14854.0,5371.0,3220848.0,461.18,166.76,2.77,14853.0,1.0,0.01,0.07407407407407407,0.07407407407407407,0.6666666666666666,19.26,Baixa,25
27,Alagoas,2025/Out,2025-10-01,15414.0,5382.0,3220848.0,478.57,167.1,2.86,14854.0,560.0,3.77,0.07407407407407407,0.14814814814814814,0.8148148148148148,24.44,Baixa,25
27,Alagoas,2025/Nov,2025-11-01,14415.0,5385.0,3220848.0,447.55,167.19,2.68,15414.0,-999.0,-6.48,0.07407407407407407,0.1111111111111111,0.37037037037037035,14.44,Baixa,26
27,Alagoas,2025/Dez,2025-12-01,13881.0,5519.0,3220848.0,430.97,171.35,2.52,14415.0,-534.0,-3.7,0.07407407407407407,0.07407407407407407,0.37037037037037035,13.33,Baixa,25
27,Alagoas,2026/Jan,2026-01-01,14178.0,5528.0,3220848.0,440.19,171.63,2.56,13881.0,297.0,2.14,0.07407407407407407,0.1111111111111111,0.5555555555555556,18.15,Baixa,27
27,Alagoas,2026/Fev,2026-02-01,13588.0,5558.0,3220848.0,421.88,172.56,2.44,14178.0,-590.0,-4.16,0.07407407407407407,0.1111111111111111,0.4444444444444444,15.93,Baixa,27
27,Alagoas,2026/Mar,2026-03-01,15221.0,5406.0,3220848.0,472.58,167.84,2.82,13588.0,1633.0,12.02,0.07407407407407407,0.1111111111111111,0.6666666666666666,20.37,Baixa,25
27,Alagoas,2026/Abr,2026-04-01,15485.0,5406.0,3220848.0,480.77,167.84,2.86,15221.0,264.0,1.73,0.1111111111111111,0.14814814814814814,0.9259259259259259,28.52,Moderada,23
27,Alagoas,2026/Mai,2026-05-01,15848.0,5433.0,3220848.0,492.04,168.68,2.92,15485.0,363.0,2.34,0.18518518518518517,0.14814814814814814,0.6296296296296297,26.3,Moderada,23
27,Alagoas,2026/Jun,2026-06-01,15165.0,5427.0,3220848.0,470.84,168.5,2.79,15848.0,-683.0,-4.31,0.24,0.28,0.52,30.8,Moderada,21
28,Sergipe,2025/Jun,2025-06-01,9351.0,2582.0,2299425.0,406.67,112.29,3.62,,,,0.5185185185185185,0.07407407407407407,0.5,38.15,Moderada,19
28,Sergipe,2025/Jul,2025-07-01,10547.0,2634.0,2299425.0,458.68,114.55,4.0,9351.0,1196.0,12.79,0.6666666666666666,0.07407407407407407,0.9629629629629629,54.81,Alta,12
28,Sergipe,2025/Ago,2025-08-01,10601.0,2682.0,2299425.0,461.03,116.64,3.95,10547.0,54.0,0.51,0.6666666666666666,0.1111111111111111,0.8148148148148148,52.96,Alta,14
28,Sergipe,2025/Set,2025-09-01,11191.0,2690.0,2299425.0,486.69,116.99,4.16,10601.0,590.0,5.57,0.6666666666666666,0.14814814814814814,0.9629629629629629,57.04,Alta,10
28,Sergipe,2025/Out,2025-10-01,10986.0,2734.0,2299425.0,477.77,118.9,4.02,11191.0,-205.0,-1.83,0.6666666666666666,0.1111111111111111,0.2222222222222222,41.11,Moderada,19
28,Sergipe,2025/Nov,2025-11-01,10306.0,2729.0,2299425.0,448.2,118.68,3.78,10986.0,-680.0,-6.19,0.6666666666666666,0.14814814814814814,0.4074074074074074,45.93,Moderada,15
28,Sergipe,2025/Dez,2025-12-01,10340.0,2735.0,2299425.0,449.68,118.94,3.78,10306.0,34.0,0.33,0.6666666666666666,0.14814814814814814,0.8518518518518519,54.81,Alta,14
28,Sergipe,2026/Jan,2026-01-01,10224.0,2732.0,2299425.0,444.63,118.81,3.74,10340.0,-116.0,-1.12,0.6666666666666666,0.14814814814814814,0.25925925925925924,42.96,Moderada,17
28,Sergipe,2026/Fev,2026-02-01,10654.0,2731.0,2299425.0,463.33,118.77,3.9,10224.0,430.0,4.21,0.7407407407407407,0.14814814814814814,0.9629629629629629,60.74,Alta,11
28,Sergipe,2026/Mar,2026-03-01,11258.0,2756.0,2299425.0,489.6,119.86,4.08,10654.0,604.0,5.67,0.7037037037037037,0.14814814814814814,0.2222222222222222,44.07,Moderada,18
28,Sergipe,2026/Abr,2026-04-01,10880.0,2760.0,2299425.0,473.16,120.03,3.94,11258.0,-378.0,-3.36,0.6851851851851852,0.1111111111111111,0.3333333333333333,44.26,Moderada,15
28,Sergipe,2026/Mai,2026-05-01,10398.0,2781.0,2299425.0,452.2,120.94,3.74,10880.0,-482.0,-4.43,0.5555555555555556,0.07407407407407407,0.2222222222222222,34.44,Moderada,20
28,Sergipe,2026/Jun,2026-06-01,10082.0,2784.0,2299425.0,438.46,121.07,3.62,10398.0,-316.0,-3.04,0.64,0.08,0.64,47.2,Moderada,12
29,Bahia,2025/Jun,2025-06-01,78751.0,25211.0,14870907.0,529.56,169.53,3.12,,,,0.2222222222222222,0.2962962962962963,0.5,30.0,Moderada,24
29,Bahia,2025/Jul,2025-07-01,84590.0,25031.0,14870907.0,568.83,168.32,3.38,78751.0,5839.0,7.41,0.37037037037037035,0.37037037037037035,0.8518518518518519,46.67,Moderada,17
29,Bahia,2025/Ago,2025-08-01,84785.0,24918.0,14870907.0,570.14,167.56,3.4,84590.0,195.0,0.23,0.37037037037037035,0.4444444444444444,0.7407407407407407,46.67,Moderada,17
29,Bahia,2025/Set,2025-09-01,85885.0,24813.0,14870907.0,577.54,166.86,3.46,84785.0,1100.0,1.3,0.4074074074074074,0.5555555555555556,0.7407407407407407,51.85,Alta,14
29,Bahia,2025/Out,2025-10-01,82214.0,24748.0,14870907.0,552.85,166.42,3.32,85885.0,-3671.0,-4.27,0.37037037037037035,0.3333333333333333,0.1111111111111111,30.74,Moderada,22
29,Bahia,2025/Nov,2025-11-01,79921.0,24844.0,14870907.0,537.43,167.06,3.22,82214.0,-2293.0,-2.79,0.48148148148148145,0.5555555555555556,0.7777777777777778,56.3,Alta,11
29,Bahia,2025/Dez,2025-12-01,76874.0,24832.0,14870907.0,516.94,166.98,3.1,79921.0,-3047.0,-3.81,0.42592592592592593,0.4444444444444444,0.2962962962962963,40.56,Moderada,18
29,Bahia,2026/Jan,2026-01-01,77927.0,24857.0,14870907.0,524.02,167.15,3.14,76874.0,1053.0,1.37,0.3333333333333333,0.37037037037037035,0.5185185185185185,38.15,Moderada,19
29,Bahia,2026/Fev,2026-02-01,78348.0,24712.0,14870907.0,526.85,166.18,3.17,77927.0,421.0,0.54,0.42592592592592593,0.5185185185185185,0.8518518518518519,53.89,Alta,14
29,Bahia,2026/Mar,2026-03-01,83863.0,24916.0,14870907.0,563.94,167.55,3.37,78348.0,5515.0,7.04,0.4074074074074074,0.4074074074074074,0.2962962962962963,38.52,Moderada,22
29,Bahia,2026/Abr,2026-04-01,81917.0,25005.0,14870907.0,550.85,168.15,3.28,83863.0,-1946.0,-2.32,0.3888888888888889,0.4444444444444444,0.5555555555555556,43.89,Moderada,16
29,Bahia,2026/Mai,2026-05-01,80920.0,25281.0,14870907.0,544.15,170.0,3.2,81917.0,-997.0,-1.22,0.2962962962962963,0.4074074074074074,0.2962962962962963,32.96,Moderada,21
29,Bahia,2026/Jun,2026-06-01,75897.0,25239.0,14870907.0,510.37,169.72,3.01,80920.0,-5023.0,-6.21,0.32,0.52,0.44,40.4,Moderada,16
31,Minas Gerais,2025/Jun,2025-06-01,135730.0,29307.0,21393441.0,634.45,136.99,4.63,,,,0.8888888888888888,0.7407407407407407,0.5,76.67,Crítica,5
31,Minas Gerais,2025/Jul,2025-07-01,140319.0,29290.0,21393441.0,655.9,136.91,4.79,135730.0,4589.0,3.38,0.9259259259259259,0.7777777777777778,0.5555555555555556,80.74,Crítica,3
31,Minas Gerais,2025/Ago,2025-08-01,138518.0,29335.0,21393441.0,647.48,137.12,4.72,140319.0,-1801.0,-1.28,0.9259259259259259,0.7777777777777778,0.4444444444444444,78.52,Crítica,4
31,Minas Gerais,2025/Set,2025-09-01,137908.0,29430.0,21393441.0,644.63,137.57,4.69,138518.0,-610.0,-0.44,0.9259259259259259,0.7777777777777778,0.6296296296296297,82.22,Crítica,4
31,Minas Gerais,2025/Out,2025-10-01,138731.0,29389.0,21393441.0,648.47,137.37,4.72,137908.0,823.0,0.6,0.8888888888888888,0.7777777777777778,0.4444444444444444,76.67,Crítica,4
31,Minas Gerais,2025/Nov,2025-11-01,129110.0,29380.0,21393441.0,603.5,137.33,4.39,138731.0,-9621.0,-6.94,0.9259259259259259,0.7777777777777778,0.2962962962962963,75.56,Crítica,4
31,Minas Gerais,2025/Dez,2025-12-01,127408.0,29348.0,21393441.0,595.55,137.18,4.34,129110.0,-1702.0,-1.32,0.9259259259259259,0.7407407407407407,0.7407407407407407,83.33,Crítica,3
31,Minas Gerais,2026/Jan,2026-01-01,131212.0,29233.0,21393441.0,613.33,136.64,4.49,127408.0,3804.0,2.99,0.9259259259259259,0.8148148148148148,0.6296296296296297,83.33,Crítica,4
31,Minas Gerais,2026/Fev,2026-02-01,127812.0,29339.0,21393441.0,597.44,137.14,4.36,131212.0,-3400.0,-2.59,0.9259259259259259,0.7777777777777778,0.6666666666666666,82.96,Crítica,4
31,Minas Gerais,2026/Mar,2026-03-01,139174.0,29389.0,21393441.0,650.55,137.37,4.74,127812.0,11362.0,8.89,0.9259259259259259,0.7777777777777778,0.42592592592592593,78.15,Crítica,3
31,Minas Gerais,2026/Abr,2026-04-01,134190.0,29778.0,21393441.0,627.25,139.19,4.51,139174.0,-4984.0,-3.58,0.9629629629629629,0.7777777777777778,0.2962962962962963,77.41,Crítica,3
31,Minas Gerais,2026/Mai,2026-05-01,132619.0,29800.0,21393441.0,619.9,139.3,4.45,134190.0,-1571.0,-1.17,0.8888888888888888,0.7407407407407407,0.3333333333333333,73.33,Alta,7
31,Minas Gerais,2026/Jun,2026-06-01,102250.0,29608.0,21393441.0,477.95,138.4,3.45,132619.0,-30369.0,-22.9,0.56,0.32,0.08,39.2,Moderada,17
32,Espírito Santo,2025/Jun,2025-06-01,27998.0,5993.0,4126854.0,678.43,145.22,4.67,,,,0.9259259259259259,0.8888888888888888,0.5,82.96,Crítica,3
32,Espírito Santo,2025/Jul,2025-07-01,27495.0,5988.0,4126854.0,666.25,145.1,4.59,27998.0,-503.0,-1.8,0.8703703703703703,0.8518518518518519,0.18518518518518517,72.78,Alta,5
32,Espírito Santo,2025/Ago,2025-08-01,27594.0,5988.0,4126854.0,668.64,145.1,4.61,27495.0,99.0,0.36,0.8888888888888888,0.8518518518518519,0.7777777777777778,85.56,Crítica,2
32,Espírito Santo,2025/Set,2025-09-01,26735.0,6002.0,4126854.0,647.83,145.44,4.45,27594.0,-859.0,-3.11,0.8148148148148148,0.8148148148148148,0.25925925925925924,70.37,Alta,7
32,Espírito Santo,2025/Out,2025-10-01,28059.0,5932.0,4126854.0,679.91,143.74,4.73,26735.0,1324.0,4.95,0.9259259259259259,0.8518518518518519,0.8888888888888888,89.63,Crítica,3
32,Espírito Santo,2025/Nov,2025-11-01,25978.0,5952.0,4126854.0,629.49,144.23,4.36,28059.0,-2081.0,-7.42,0.8888888888888888,0.8148148148148148,0.25925925925925924,74.07,Alta,5
32,Espírito Santo,2025/Dez,2025-12-01,25555.0,6039.0,4126854.0,619.24,146.33,4.23,25978.0,-423.0,-1.63,0.8518518518518519,0.8148148148148148,0.6666666666666666,80.37,Crítica,5
32,Espírito Santo,2026/Jan,2026-01-01,24808.0,6061.0,4126854.0,601.14,146.87,4.09,25555.0,-747.0,-2.92,0.7777777777777778,0.7407407407407407,0.18518518518518517,64.81,Alta,5
32,Espírito Santo,2026/Fev,2026-02-01,25226.0,5970.0,4126854.0,611.26,144.66,4.23,24808.0,418.0,1.68,0.8888888888888888,0.8888888888888888,0.9259259259259259,89.63,Crítica,1
32,Espírito Santo,2026/Mar,2026-03-01,26229.0,5987.0,4126854.0,635.57,145.07,4.38,25226.0,1003.0,3.98,0.8148148148148148,0.7407407407407407,0.1111111111111111,65.19,Alta,8
32,Espírito Santo,2026/Abr,2026-04-01,25671.0,5971.0,4126854.0,622.05,144.69,4.3,26229.0,-558.0,-2.13,0.8148148148148148,0.7407407407407407,0.6851851851851852,76.67,Crítica,5
32,Espírito Santo,2026/Mai,2026-05-01,26308.0,5969.0,4126854.0,637.48,144.64,4.41,25671.0,637.0,2.48,0.8518518518518519,0.7777777777777778,0.7037037037037037,80.0,Crítica,5
32,Espírito Santo,2026/Jun,2026-06-01,26444.0,5967.0,4126854.0,640.78,144.59,4.43,26308.0,136.0,0.52,0.88,0.8,0.88,85.6,Crítica,3
33,Rio de Janeiro,2025/Jun,2025-06-01,77401.0,20814.0,17223547.0,449.39,120.85,3.72,,,,0.5555555555555556,0.14814814814814814,0.5,42.22,Moderada,17
33,Rio de Janeiro,2025/Jul,2025-07-01,80091.0,20942.0,17223547.0,465.01,121.59,3.82,77401.0,2690.0,3.48,0.6296296296296297,0.1111111111111111,0.6296296296296297,47.41,Moderada,15
33,Rio de Janeiro,2025/Ago,2025-08-01,78569.0,20980.0,17223547.0,456.17,121.81,3.74,80091.0,-1522.0,-1.9,0.5925925925925926,0.07407407407407407,0.3148148148148148,38.15,Moderada,20
33,Rio de Janeiro,2025/Set,2025-09-01,79781.0,20986.0,17223547.0,463.21,121.84,3.8,78569.0,1212.0,1.54,0.6296296296296297,0.1111111111111111,0.7777777777777778,50.37,Alta,15
33,Rio de Janeiro,2025/Out,2025-10-01,80452.0,20977.0,17223547.0,467.1,121.79,3.84,79781.0,671.0,0.84,0.5925925925925926,0.07407407407407407,0.48148148148148145,41.48,Moderada,18
33,Rio de Janeiro,2025/Nov,2025-11-01,76622.0,20976.0,17223547.0,444.87,121.79,3.65,80452.0,-3830.0,-4.76,0.6296296296296297,0.07407407407407407,0.5555555555555556,44.81,Moderada,17
33,Rio de Janeiro,2025/Dez,2025-12-01,75585.0,21051.0,17223547.0,438.85,122.22,3.59,76622.0,-1037.0,-1.35,0.6296296296296297,0.1111111111111111,0.7037037037037037,48.89,Moderada,15
33,Rio de Janeiro,2026/Jan,2026-01-01,72945.0,21035.0,17223547.0,423.52,122.13,3.47,75585.0,-2640.0,-3.49,0.5555555555555556,0.07407407407407407,0.1111111111111111,32.22,Moderada,22
33,Rio de Janeiro,2026/Fev,2026-02-01,72023.0,21025.0,17223547.0,418.17,122.07,3.43,72945.0,-922.0,-1.26,0.6296296296296297,0.07407407407407407,0.7407407407407407,48.52,Moderada,17
33,Rio de Janeiro,2026/Mar,2026-03-01,81036.0,21105.0,17223547.0,470.5,122.54,3.84,72023.0,9013.0,12.51,0.6296296296296297,0.07407407407407407,0.7407407407407407,48.52,Moderada,16
33,Rio de Janeiro,2026/Abr,2026-04-01,77645.0,21061.0,17223547.0,450.81,122.28,3.69,81036.0,-3391.0,-4.18,0.5185185185185185,0.07407407407407407,0.25925925925925924,33.33,Moderada,20
33,Rio de Janeiro,2026/Mai,2026-05-01,79434.0,21130.0,17223547.0,461.19,122.68,3.76,77645.0,1789.0,2.3,0.6296296296296297,0.1111111111111111,0.5925925925925926,46.67,Moderada,16
33,Rio de Janeiro,2026/Jun,2026-06-01,79051.0,21318.0,17223547.0,458.97,123.77,3.71,79434.0,-383.0,-0.48,0.68,0.16,0.84,55.6,Alta,10
35,São Paulo,2025/Jun,2025-06-01,240714.0,54466.0,46081801.0,522.36,118.19,4.42,,,,0.8518518518518519,0.25925925925925924,0.5,60.37,Alta,9
35,São Paulo,2025/Jul,2025-07-01,250198.0,54508.0,46081801.0,542.94,118.29,4.59,240714.0,9484.0,3.94,0.8703703703703703,0.25925925925925924,0.6666666666666666,64.63,Alta,9
35,São Paulo,2025/Ago,2025-08-01,248537.0,54555.0,46081801.0,539.34,118.39,4.56,250198.0,-1661.0,-0.66,0.8518518518518519,0.25925925925925924,0.5925925925925926,62.22,Alta,9
35,São Paulo,2025/Set,2025-09-01,246468.0,54468.0,46081801.0,534.85,118.2,4.53,248537.0,-2069.0,-0.83,0.8518518518518519,0.3333333333333333,0.5555555555555556,63.7,Alta,8
35,São Paulo,2025/Out,2025-10-01,252197.0,54557.0,46081801.0,547.28,118.39,4.62,246468.0,5729.0,2.32,0.8518518518518519,0.25925925925925924,0.6851851851851852,64.07,Alta,8
35,São Paulo,2025/Nov,2025-11-01,235148.0,54619.0,46081801.0,510.28,118.53,4.31,252197.0,-17049.0,-6.76,0.8518518518518519,0.2962962962962963,0.3333333333333333,58.15,Alta,10
35,São Paulo,2025/Dez,2025-12-01,226245.0,54645.0,46081801.0,490.96,118.58,4.14,235148.0,-8903.0,-3.79,0.8148148148148148,0.2962962962962963,0.3333333333333333,56.3,Alta,12
35,São Paulo,2026/Jan,2026-01-01,233346.0,54770.0,46081801.0,506.37,118.85,4.26,226245.0,7101.0,3.14,0.8518518518518519,0.2962962962962963,0.6666666666666666,64.81,Alta,5
35,São Paulo,2026/Fev,2026-02-01,226442.0,54700.0,46081801.0,491.39,118.7,4.14,233346.0,-6904.0,-2.96,0.8518518518518519,0.3333333333333333,0.5925925925925926,64.44,Alta,6
35,São Paulo,2026/Mar,2026-03-01,251067.0,54688.0,46081801.0,544.83,118.68,4.59,226442.0,24625.0,10.87,0.8888888888888888,0.3333333333333333,0.48148148148148145,64.07,Alta,9
35,São Paulo,2026/Abr,2026-04-01,246296.0,54722.0,46081801.0,534.48,118.75,4.5,251067.0,-4771.0,-1.9,0.9259259259259259,0.37037037037037035,0.7407407407407407,72.22,Alta,7
35,São Paulo,2026/Mai,2026-05-01,252977.0,54747.0,46081801.0,548.97,118.8,4.62,246296.0,6681.0,2.71,0.9259259259259259,0.4444444444444444,0.7407407407407407,74.44,Alta,6
35,São Paulo,2026/Jun,2026-06-01,245252.0,54847.0,46081801.0,532.21,119.02,4.47,252977.0,-7725.0,-3.05,0.92,0.64,0.6,77.2,Crítica,7
41,Paraná,2025/Jun,2025-06-01,92659.0,19283.0,11890517.0,779.27,162.17,4.81,,,,0.9629629629629629,1.0,0.5,88.15,Crítica,1
41,Paraná,2025/Jul,2025-07-01,94369.0,19223.0,11890517.0,793.65,161.67,4.91,92659.0,1710.0,1.85,0.9629629629629629,1.0,0.4074074074074074,86.3,Crítica,2
41,Paraná,2025/Ago,2025-08-01,92545.0,19158.0,11890517.0,778.31,161.12,4.83,94369.0,-1824.0,-1.93,0.9629629629629629,1.0,0.25925925925925924,83.33,Crítica,3
41,Paraná,2025/Set,2025-09-01,93028.0,19256.0,11890517.0,782.37,161.94,4.83,92545.0,483.0,0.52,0.9629629629629629,1.0,0.7037037037037037,92.22,Crítica,1
41,Paraná,2025/Out,2025-10-01,94624.0,19290.0,11890517.0,795.79,162.23,4.91,93028.0,1596.0,1.72,0.9629629629629629,1.0,0.5925925925925926,90.0,Crítica,2
41,Paraná,2025/Nov,2025-11-01,90416.0,19333.0,11890517.0,760.4,162.59,4.68,94624.0,-4208.0,-4.45,0.9629629629629629,1.0,0.7407407407407407,92.96,Crítica,1
41,Paraná,2025/Dez,2025-12-01,88172.0,19403.0,11890517.0,741.53,163.18,4.54,90416.0,-2244.0,-2.48,0.9629629629629629,1.0,0.5925925925925926,90.0,Crítica,1
41,Paraná,2026/Jan,2026-01-01,92275.0,19404.0,11890517.0,776.04,163.19,4.76,88172.0,4103.0,4.65,0.9629629629629629,1.0,0.8148148148148148,94.44,Crítica,1
41,Paraná,2026/Fev,2026-02-01,88528.0,19414.0,11890517.0,744.53,163.27,4.56,92275.0,-3747.0,-4.06,0.9814814814814815,1.0,0.48148148148148145,88.7,Crítica,2
41,Paraná,2026/Mar,2026-03-01,93381.0,19421.0,11890517.0,785.34,163.33,4.81,88528.0,4853.0,5.48,0.9629629629629629,1.0,0.18518518518518517,81.85,Crítica,2
41,Paraná,2026/Abr,2026-04-01,84116.0,19319.0,11890517.0,707.42,162.47,4.35,93381.0,-9265.0,-9.92,0.8888888888888888,0.9629629629629629,0.037037037037037035,74.07,Alta,6
41,Paraná,2026/Mai,2026-05-01,98140.0,19304.0,11890517.0,825.36,162.35,5.08,84116.0,14024.0,16.67,1.0,1.0,1.0,100.0,Crítica,1
41,Paraná,2026/Jun,2026-06-01,92652.0,19445.0,11890517.0,779.21,163.53,4.76,98140.0,-5488.0,-5.59,0.96,1.0,0.48,87.6,Crítica,2
42,Santa Catarina,2025/Jun,2025-06-01,57240.0,11629.0,8187029.0,699.15,142.04,4.92,,,,1.0,0.9259259259259259,0.5,87.78,Crítica,2
42,Santa Catarina,2025/Jul,2025-07-01,60154.0,11649.0,8187029.0,734.75,142.29,5.16,57240.0,2914.0,5.09,1.0,0.9629629629629629,0.8148148148148148,95.19,Crítica,1
42,Santa Catarina,2025/Ago,2025-08-01,60089.0,11719.0,8187029.0,733.95,143.14,5.13,60154.0,-65.0,-0.11,1.0,0.9629629629629629,0.7037037037037037,92.96,Crítica,1
42,Santa Catarina,2025/Set,2025-09-01,59165.0,11734.0,8187029.0,722.67,143.32,5.04,60089.0,-924.0,-1.54,1.0,0.9629629629629629,0.4444444444444444,87.78,Crítica,2
42,Santa Catarina,2025/Out,2025-10-01,61284.0,11743.0,8187029.0,748.55,143.43,5.22,59165.0,2119.0,3.58,1.0,0.9629629629629629,0.7777777777777778,94.44,Crítica,1
42,Santa Catarina,2025/Nov,2025-11-01,58436.0,11787.0,8187029.0,713.76,143.97,4.96,61284.0,-2848.0,-4.65,1.0,0.9629629629629629,0.6666666666666666,92.22,Crítica,2
42,Santa Catarina,2025/Dez,2025-12-01,55009.0,11822.0,8187029.0,671.9,144.4,4.65,58436.0,-3427.0,-5.86,1.0,0.9259259259259259,0.14814814814814814,80.74,Crítica,4
42,Santa Catarina,2026/Jan,2026-01-01,56756.0,11761.0,8187029.0,693.24,143.65,4.83,55009.0,1747.0,3.18,1.0,0.9629629629629629,0.7037037037037037,92.96,Crítica,2
42,Santa Catarina,2026/Fev,2026-02-01,53796.0,11787.0,8187029.0,657.09,143.97,4.56,56756.0,-2960.0,-5.22,0.9814814814814815,0.9629629629629629,0.3333333333333333,84.63,Crítica,3
42,Santa Catarina,2026/Mar,2026-03-01,58579.0,11770.0,8187029.0,715.51,143.76,4.98,53796.0,4783.0,8.89,1.0,0.9259259259259259,0.42592592592592593,86.3,Crítica,1
42,Santa Catarina,2026/Abr,2026-04-01,58378.0,11778.0,8187029.0,713.05,143.86,4.96,58579.0,-201.0,-0.34,1.0,1.0,0.8148148148148148,96.3,Crítica,1
42,Santa Catarina,2026/Mai,2026-05-01,58680.0,11782.0,8187029.0,716.74,143.91,4.98,58378.0,302.0,0.52,0.9629629629629629,0.9259259259259259,0.48148148148148145,85.56,Crítica,3
42,Santa Catarina,2026/Jun,2026-06-01,59062.0,11811.0,8187029.0,721.41,144.26,5.0,58680.0,382.0,0.65,1.0,0.96,0.92,97.2,Crítica,1
43,Rio Grande do Sul,2025/Jun,2025-06-01,71256.0,20005.0,11233263.0,634.33,178.09,3.56,,,,0.48148148148148145,0.7037037037037037,0.5,55.19,Alta,12
43,Rio Grande do Sul,2025/Jul,2025-07-01,74650.0,20008.0,11233263.0,664.54,178.11,3.73,71256.0,3394.0,4.76,0.5555555555555556,0.8148148148148148,0.7037037037037037,66.3,Alta,8
43,Rio Grande do Sul,2025/Ago,2025-08-01,73905.0,19992.0,11233263.0,657.91,177.97,3.7,74650.0,-745.0,-1.0,0.5185185185185185,0.8148148148148148,0.48148148148148145,60.0,Alta,12
43,Rio Grande do Sul,2025/Set,2025-09-01,75164.0,20115.0,11233263.0,669.12,179.07,3.74,73905.0,1259.0,1.7,0.5925925925925926,0.8518518518518519,0.8888888888888888,72.96,Alta,6
43,Rio Grande do Sul,2025/Out,2025-10-01,75458.0,20205.0,11233263.0,671.74,179.87,3.73,75164.0,294.0,0.39,0.5555555555555556,0.8148148148148148,0.4074074074074074,60.37,Alta,10
43,Rio Grande do Sul,2025/Nov,2025-11-01,73454.0,20285.0,11233263.0,653.9,180.58,3.62,75458.0,-2004.0,-2.66,0.5925925925925926,0.8518518518518519,0.8518518518518519,72.22,Alta,8
43,Rio Grande do Sul,2025/Dez,2025-12-01,70504.0,20350.0,11233263.0,627.64,181.16,3.46,73454.0,-2950.0,-4.02,0.5370370370370371,0.8518518518518519,0.25925925925925924,57.59,Alta,11
43,Rio Grande do Sul,2026/Jan,2026-01-01,69652.0,20346.0,11233263.0,620.05,181.12,3.42,70504.0,-852.0,-1.21,0.5185185185185185,0.8518518518518519,0.2222222222222222,55.93,Alta,12
43,Rio Grande do Sul,2026/Fev,2026-02-01,67798.0,20345.0,11233263.0,603.55,181.11,3.33,69652.0,-1854.0,-2.66,0.5185185185185185,0.8148148148148148,0.6296296296296297,62.96,Alta,7
43,Rio Grande do Sul,2026/Mar,2026-03-01,73469.0,20252.0,11233263.0,654.03,180.29,3.63,67798.0,5671.0,8.36,0.5,0.8148148148148148,0.37037037037037035,56.85,Alta,13
43,Rio Grande do Sul,2026/Abr,2026-04-01,74654.0,20100.0,11233263.0,664.58,178.93,3.71,73469.0,1185.0,1.61,0.5555555555555556,0.8518518518518519,0.8888888888888888,71.11,Alta,8
43,Rio Grande do Sul,2026/Mai,2026-05-01,74216.0,20025.0,11233263.0,660.68,178.27,3.71,74654.0,-438.0,-0.59,0.48148148148148145,0.8518518518518519,0.4074074074074074,57.78,Alta,11
43,Rio Grande do Sul,2026/Jun,2026-06-01,75588.0,20022.0,11233263.0,672.89,178.24,3.78,74216.0,1372.0,1.85,0.72,0.84,1.0,81.2,Crítica,5
50,Mato Grosso do Sul,2025/Jun,2025-06-01,17540.0,4051.0,2924631.0,599.73,138.51,4.33,,,,0.8148148148148148,0.5925925925925926,0.5,68.52,Alta,7
50,Mato Grosso do Sul,2025/Jul,2025-07-01,18135.0,4001.0,2924631.0,620.08,136.8,4.53,17540.0,595.0,3.39,0.8148148148148148,0.6666666666666666,0.5925925925925926,72.59,Alta,6
50,Mato Grosso do Sul,2025/Ago,2025-08-01,17969.0,4004.0,2924631.0,614.4,136.91,4.49,18135.0,-166.0,-0.92,0.8148148148148148,0.7037037037037037,0.5185185185185185,72.22,Alta,5
50,Mato Grosso do Sul,2025/Set,2025-09-01,18261.0,3985.0,2924631.0,624.39,136.26,4.58,17969.0,292.0,1.63,0.8888888888888888,0.7407407407407407,0.8148148148148148,82.96,Crítica,3
50,Mato Grosso do Sul,2025/Out,2025-10-01,17287.0,4031.0,2924631.0,591.08,137.83,4.29,18261.0,-974.0,-5.33,0.7407407407407407,0.5925925925925926,0.07407407407407407,56.3,Alta,11
50,Mato Grosso do Sul,2025/Nov,2025-11-01,16509.0,4034.0,2924631.0,564.48,137.93,4.09,17287.0,-778.0,-4.5,0.7777777777777778,0.6666666666666666,0.7037037037037037,72.96,Alta,7
50,Mato Grosso do Sul,2025/Dez,2025-12-01,16041.0,4033.0,2924631.0,548.48,137.9,3.98,16509.0,-468.0,-2.83,0.7407407407407407,0.5555555555555556,0.4444444444444444,62.59,Alta,9
50,Mato Grosso do Sul,2026/Jan,2026-01-01,17443.0,4040.0,2924631.0,596.42,138.14,4.32,16041.0,1402.0,8.74,0.8888888888888888,0.7037037037037037,0.9259259259259259,84.07,Crítica,3
50,Mato Grosso do Sul,2026/Fev,2026-02-01,16691.0,4042.0,2924631.0,570.7,138.21,4.13,17443.0,-752.0,-4.31,0.8148148148148148,0.7037037037037037,0.4074074074074074,70.0,Alta,5
50,Mato Grosso do Sul,2026/Mar,2026-03-01,16986.0,4039.0,2924631.0,580.79,138.1,4.21,16691.0,295.0,1.77,0.7407407407407407,0.5185185185185185,0.07407407407407407,54.07,Alta,14
50,Mato Grosso do Sul,2026/Abr,2026-04-01,17493.0,4058.0,2924631.0,598.13,138.75,4.31,16986.0,507.0,2.98,0.8518518518518519,0.7037037037037037,1.0,83.7,Crítica,2
50,Mato Grosso do Sul,2026/Mai,2026-05-01,17312.0,4044.0,2924631.0,591.94,138.27,4.28,17493.0,-181.0,-1.03,0.7777777777777778,0.5925925925925926,0.37037037037037035,64.07,Alta,9
50,Mato Grosso do Sul,2026/Jun,2026-06-01,16619.0,4045.0,2924631.0,568.24,138.31,4.11,17312.0,-693.0,-4.0,0.8,0.72,0.56,72.8,Alta,8
51,Mato Grosso,2025/Jun,2025-06-01,23146.0,5997.0,3893659.0,594.45,154.02,3.86,,,,0.5925925925925926,0.5555555555555556,0.5,56.3,Alta,11
51,Mato Grosso,2025/Jul,2025-07-01,21737.0,6130.0,3893659.0,558.27,157.44,3.55,23146.0,-1409.0,-6.09,0.48148148148148145,0.3333333333333333,0.07407407407407407,35.56,Moderada,22
51,Mato Grosso,2025/Ago,2025-08-01,23205.0,6178.0,3893659.0,595.97,158.67,3.76,21737.0,1468.0,6.75,0.6296296296296297,0.5555555555555556,1.0,68.15,Alta,7
51,Mato Grosso,2025/Set,2025-09-01,22801.0,6119.0,3893659.0,585.59,157.15,3.73,23205.0,-404.0,-1.74,0.5555555555555556,0.5925925925925926,0.4074074074074074,53.7,Alta,13
51,Mato Grosso,2025/Out,2025-10-01,22241.0,6106.0,3893659.0,571.21,156.82,3.64,22801.0,-560.0,-2.46,0.5,0.4074074074074074,0.18518518518518517,40.93,Moderada,20
51,Mato Grosso,2025/Nov,2025-11-01,21127.0,6032.0,3893659.0,542.6,154.92,3.5,22241.0,-1114.0,-5.01,0.5555555555555556,0.5925925925925926,0.48148148148148145,55.19,Alta,13
51,Mato Grosso,2025/Dez,2025-12-01,20485.0,6089.0,3893659.0,526.11,156.38,3.36,21127.0,-642.0,-3.04,0.48148148148148145,0.5185185185185185,0.4074074074074074,47.78,Moderada,16
51,Mato Grosso,2026/Jan,2026-01-01,21239.0,6108.0,3893659.0,545.48,156.87,3.48,20485.0,754.0,3.68,0.5925925925925926,0.5555555555555556,0.7777777777777778,61.85,Alta,9
51,Mato Grosso,2026/Fev,2026-02-01,20513.0,6118.0,3893659.0,526.83,157.13,3.35,21239.0,-726.0,-3.42,0.5925925925925926,0.48148148148148145,0.5555555555555556,55.19,Alta,13
51,Mato Grosso,2026/Mar,2026-03-01,22955.0,6158.0,3893659.0,589.55,158.15,3.73,20513.0,2442.0,11.9,0.5555555555555556,0.5925925925925926,0.6296296296296297,58.15,Alta,12
51,Mato Grosso,2026/Abr,2026-04-01,22749.0,6099.0,3893659.0,584.26,156.64,3.73,22955.0,-206.0,-0.9,0.5925925925925926,0.6296296296296297,0.7777777777777778,64.07,Alta,12
51,Mato Grosso,2026/Mai,2026-05-01,22743.0,6118.0,3893659.0,584.1,157.13,3.72,22749.0,-6.0,-0.03,0.5185185185185185,0.5555555555555556,0.4444444444444444,51.48,Alta,13
51,Mato Grosso,2026/Jun,2026-06-01,20372.0,6120.0,3893659.0,523.21,157.18,3.33,22743.0,-2371.0,-10.43,0.44,0.56,0.28,44.4,Moderada,14
52,Goiás,2025/Jun,2025-06-01,38680.0,12174.0,7423629.0,521.04,163.99,3.18,,,,0.3333333333333333,0.2222222222222222,0.5,33.33,Moderada,22
52,Goiás,2025/Jul,2025-07-01,39027.0,12150.0,7423629.0,525.71,163.67,3.21,38680.0,347.0,0.9,0.25925925925925924,0.14814814814814814,0.2962962962962963,23.33,Baixa,25
52,Goiás,2025/Ago,2025-08-01,38432.0,12210.0,7423629.0,517.7,164.47,3.15,39027.0,-595.0,-1.52,0.2962962962962963,0.18518518518518517,0.37037037037037035,27.78,Moderada,22
52,Goiás,2025/Set,2025-09-01,37524.0,12201.0,7423629.0,505.47,164.35,3.08,38432.0,-908.0,-2.36,0.25925925925925924,0.18518518518518517,0.3333333333333333,25.19,Moderada,23
52,Goiás,2025/Out,2025-10-01,38086.0,12075.0,7423629.0,513.04,162.66,3.15,37524.0,562.0,1.5,0.2222222222222222,0.18518518518518517,0.5555555555555556,27.78,Moderada,24
52,Goiás,2025/Nov,2025-11-01,37365.0,12054.0,7423629.0,503.33,162.37,3.1,38086.0,-721.0,-1.89,0.37037037037037035,0.2222222222222222,0.9259259259259259,43.7,Moderada,19
52,Goiás,2025/Dez,2025-12-01,36328.0,12050.0,7423629.0,489.36,162.32,3.01,37365.0,-1037.0,-2.78,0.3333333333333333,0.2222222222222222,0.48148148148148145,32.96,Moderada,22
52,Goiás,2026/Jan,2026-01-01,36103.0,11996.0,7423629.0,486.33,161.59,3.01,36328.0,-225.0,-0.62,0.2222222222222222,0.18518518518518517,0.2962962962962963,22.59,Baixa,26
52,Goiás,2026/Fev,2026-02-01,36122.0,11969.0,7423629.0,486.58,161.23,3.02,36103.0,19.0,0.05,0.3333333333333333,0.2962962962962963,0.8148148148148148,41.85,Moderada,19
52,Goiás,2026/Mar,2026-03-01,39077.0,11904.0,7423629.0,526.39,160.35,3.28,36122.0,2955.0,8.18,0.2962962962962963,0.18518518518518517,0.3333333333333333,27.04,Moderada,24
52,Goiás,2026/Abr,2026-04-01,38081.0,11622.0,7423629.0,512.97,156.55,3.28,39077.0,-996.0,-2.55,0.3888888888888889,0.18518518518518517,0.48148148148148145,34.63,Moderada,19
52,Goiás,2026/Mai,2026-05-01,38635.0,11509.0,7423629.0,520.43,155.03,3.36,38081.0,554.0,1.45,0.37037037037037035,0.2222222222222222,0.5555555555555556,36.3,Moderada,19
52,Goiás,2026/Jun,2026-06-01,35857.0,11475.0,7423629.0,483.01,154.57,3.12,38635.0,-2778.0,-7.19,0.36,0.4,0.4,38.0,Moderada,19
53,Distrito Federal,2025/Jun,2025-06-01,21036.0,4876.0,2996899.0,701.93,162.7,4.31,,,,0.7777777777777778,0.9629629629629629,0.5,77.78,Crítica,4
53,Distrito Federal,2025/Jul,2025-07-01,21519.0,4859.0,2996899.0,718.04,162.13,4.43,21036.0,483.0,2.3,0.7407407407407407,0.8888888888888888,0.48148148148148145,73.33,Alta,4
53,Distrito Federal,2025/Ago,2025-08-01,20462.0,4850.0,2996899.0,682.77,161.83,4.22,21519.0,-1057.0,-4.91,0.7037037037037037,0.8888888888888888,0.07407407407407407,63.33,Alta,8
53,Distrito Federal,2025/Set,2025-09-01,20804.0,4872.0,2996899.0,694.18,162.57,4.27,20462.0,342.0,1.67,0.7592592592592593,0.8888888888888888,0.8518518518518519,81.67,Crítica,5
53,Distrito Federal,2025/Out,2025-10-01,20768.0,4874.0,2996899.0,692.98,162.63,4.26,20804.0,-36.0,-0.17,0.7037037037037037,0.8888888888888888,0.37037037037037035,69.26,Alta,7
53,Distrito Federal,2025/Nov,2025-11-01,19739.0,4880.0,2996899.0,658.65,162.83,4.04,20768.0,-1029.0,-4.95,0.7407407407407407,0.8888888888888888,0.5185185185185185,74.07,Alta,5
53,Distrito Federal,2025/Dez,2025-12-01,20315.0,4913.0,2996899.0,677.87,163.94,4.13,19739.0,576.0,2.92,0.7777777777777778,0.9629629629629629,0.9259259259259259,86.3,Crítica,2
53,Distrito Federal,2026/Jan,2026-01-01,19494.0,4957.0,2996899.0,650.47,165.4,3.93,20315.0,-821.0,-4.04,0.7037037037037037,0.8888888888888888,0.07407407407407407,63.33,Alta,7
53,Distrito Federal,2026/Fev,2026-02-01,18277.0,4964.0,2996899.0,609.86,165.64,3.68,19494.0,-1217.0,-6.24,0.6666666666666666,0.8518518518518519,0.1111111111111111,61.11,Alta,10
53,Distrito Federal,2026/Mar,2026-03-01,20350.0,5014.0,2996899.0,679.04,167.31,4.06,18277.0,2073.0,11.34,0.6666666666666666,0.8888888888888888,0.5555555555555556,71.11,Alta,5
53,Distrito Federal,2026/Abr,2026-04-01,19691.0,5000.0,2996899.0,657.05,166.84,3.94,20350.0,-659.0,-3.24,0.6851851851851852,0.8148148148148148,0.37037037037037035,66.11,Alta,10
53,Distrito Federal,2026/Mai,2026-05-01,21463.0,5000.0,2996899.0,716.17,166.84,4.29,19691.0,1772.0,9.0,0.8148148148148148,0.8888888888888888,0.9259259259259259,85.93,Crítica,2
53,Distrito Federal,2026/Jun,2026-06-01,21123.0,4869.0,2996899.0,704.83,162.47,4.34,21463.0,-340.0,-1.58,0.84,0.88,0.68,82.0,Crítica,4
